Raw value,Corresponding cumulative value,Corresponding logistic value,Fractional area,Training omission,Test omission
2.17628E-7,0.000021763,0.001127972,1,0,0
2.60478E-7,0.000047811,0.001349761,0.999905069,0,0
3.68088E-7,0.000084619,0.001906318,0.999810139,0,0
3.72732E-7,0.000121893,0.001930326,0.999715208,0,0
4.14001E-7,0.000281758,0.002143591,0.999335485,0,0
4.55688E-7,0.000500459,0.002358929,0.998860832,0,0
7.08229E-7,0.001068302,0.003661453,0.998006455,0,0
1.06285E-6,0.00260465,0.005484745,0.996392633,0,0
1.32401E-6,0.005100987,0.006823214,0.994399089,0,0
1.60279E-6,0.01005678,0.008248054,0.991266376,0,0
1.95364E-6,0.025008681,0.010035435,0.983387127,0,0
2.31781E-6,0.050025701,0.011883887,0.972375166,0,0
2.66187E-6,0.100064035,0.01362392,0.953294095,0,0
3.23572E-6,0.200148056,0.016512486,0.921017657,0.002824859,0
3.84392E-6,0.300038318,0.019555541,0.8942472,0.002824859,0
4.55126E-6,0.400348098,0.023071038,0.871558762,0.002824859,0
5.18675E-6,0.500241353,0.026208023,0.852003038,0.002824859,0
5.74111E-6,0.600234394,0.028928116,0.83463072,0.002824859,0
6.30781E-6,0.700145712,0.031693089,0.818872223,0.002824859,0
6.55856E-6,0.750222825,0.032911471,0.811467629,0.002824859,0
6.84444E-6,0.800492167,0.034296868,0.804347826,0.002824859,0
7.36497E-6,0.900582815,0.03680917,0.790962597,0.002824859,0
7.91155E-6,1.000732234,0.039433203,0.778526676,0.002824859,0
8.49022E-6,1.100578796,0.042195718,0.76694513,0.004237288,0
9.12154E-6,1.200119536,0.045191529,0.756217961,0.005649718,0
9.61427E-6,1.300479458,0.047516701,0.746060376,0.008474576,0
1.03053E-5,1.400236215,0.050758562,0.736567306,0.008474576,0
1.09736E-5,1.500511409,0.053872845,0.72764382,0.008474576,0
1.23308E-5,1.750871507,0.060135256,0.707233719,0.008474576,0
1.36877E-5,2.000335198,0.066313954,0.689007025,0.009887006,0
1.49541E-5,2.251029111,0.072007365,0.672394152,0.011299435,0
1.63241E-5,2.500638498,0.078089334,0.65720524,0.011299435,0
1.74458E-5,2.75027434,0.083009836,0.643155496,0.014124294,0
1.8742E-5,3.001720621,0.088630654,0.629960129,0.015536723,0
1.98672E-5,3.251933367,0.093454162,0.617619138,0.019774011,0
2.11487E-5,3.50206281,0.098886198,0.606037593,0.019774011,0
2.24219E-5,3.750169048,0.104219174,0.595215493,0.021186441,0
2.37041E-5,4.001699757,0.109526105,0.584868046,0.021186441,0
2.50141E-5,4.250475271,0.114883682,0.575185115,0.02259887,0
2.63641E-5,4.502151849,0.12033787,0.565881906,0.024011299,0
2.78304E-5,4.750981656,0.126186046,0.557148282,0.025423729,0
2.94735E-5,5.000384669,0.132647832,0.548889311,0.029661017,0
3.10511E-5,5.251749809,0.138762775,0.541010063,0.029661017,0
3.26875E-5,5.500321834,0.145015165,0.533605468,0.029661017,0
3.38263E-5,5.752731917,0.149312882,0.526390735,0.032485876,0
3.50253E-5,6.000964586,0.153791448,0.519555724,0.033898305,0
3.63821E-5,6.250506081,0.158802729,0.512910575,0.035310734,0
3.74623E-5,6.501733142,0.162750491,0.506455288,0.036723164,0
3.90952E-5,6.753753558,0.168647899,0.500189861,0.038135593,0
4.05843E-5,7.001088514,0.173954207,0.494304158,0.040960452,0
4.22026E-5,7.253378109,0.179644713,0.488513385,0.040960452,0
4.42731E-5,7.500342849,0.18681145,0.483102335,0.043785311,0
4.61455E-5,7.753685916,0.193185837,0.477786216,0.04519774,0
4.74873E-5,8.001828338,0.197692671,0.472754889,0.049435028,0
4.90156E-5,8.252978073,0.202765013,0.467818493,0.050847458,0
5.0388E-5,8.501016115,0.20726588,0.463071957,0.056497175,0
5.23222E-5,8.752401186,0.213523204,0.458420353,0.057909605,0
5.36854E-5,9.001818525,0.21787401,0.45395861,0.060734463,0
5.55931E-5,9.253489155,0.223883002,0.449591798,0.063559322,0
5.72527E-5,9.501052909,0.229035489,0.445414847,0.064971751,0
5.85146E-5,9.755638268,0.232908018,0.441237896,0.070621469,0
6.02297E-5,10.005103991,0.238109326,0.437250807,0.070621469,0
6.15886E-5,10.254625116,0.242180457,0.433358648,0.070621469,0
6.31863E-5,10.50378488,0.246911715,0.42956142,0.070621469,0
6.4528E-5,10.752846567,0.250839503,0.425859123,0.072033898,0
6.57478E-5,11.000431879,0.254375118,0.422251756,0.074858757,0
6.75649E-5,11.253848407,0.259580463,0.41864439,0.079096045,0
6.94099E-5,11.50072689,0.264791751,0.415226884,0.084745763,0
7.0661E-5,11.753097745,0.26828427,0.411809379,0.086158192,0
7.1973E-5,12.002866988,0.271910996,0.408486805,0.088983051,0
7.31658E-5,12.256878855,0.27517744,0.40516423,0.09039548,0
7.42302E-5,12.507237803,0.278067362,0.401936586,0.094632768,0
7.54188E-5,12.754218738,0.281267634,0.398803873,0.098870056,0
7.68981E-5,13.005560985,0.285210943,0.39567116,0.101694915,0
7.80675E-5,13.25331393,0.288297746,0.392633378,0.104519774,0
7.90479E-5,13.505001297,0.290865385,0.389595595,0.108757062,0
8.00973E-5,13.751650921,0.293592993,0.386652743,0.110169492,0
8.11146E-5,14.001396799,0.29621726,0.383709892,0.111581921,0
8.21305E-5,14.254254236,0.29881855,0.38076704,0.11440678,0
8.30852E-5,14.502157327,0.301245802,0.377919119,0.117231638,0
8.42067E-5,14.753372537,0.30407564,0.375071198,0.117231638,0
8.54001E-5,15.007860726,0.307061641,0.372223277,0.118644068,0
8.63368E-5,15.256950882,0.309387693,0.369470287,0.124293785,0
8.72511E-5,15.508622631,0.311642895,0.366717296,0.125706215,0
8.83485E-5,15.754487443,0.31433065,0.364059237,0.127118644,0
8.95099E-5,16.003832534,0.317152135,0.361401177,0.129943503,0
9.02927E-5,16.255832352,0.31904081,0.358743118,0.132768362,0
9.13234E-5,16.500969002,0.321511942,0.356179989,0.134180791,0
9.28925E-5,16.758909857,0.325239322,0.353521929,0.13700565,0
9.38246E-5,17.001653543,0.327434198,0.351053731,0.138418079,0
9.47783E-5,17.256232045,0.329665478,0.348490602,0.141242938,0
9.56931E-5,17.503664398,0.331791503,0.346022404,0.145480226,0
9.67961E-5,17.754193507,0.334337379,0.343554205,0.148305085,0
9.78722E-5,18.007325546,0.336802439,0.341086007,0.149717514,0
9.89917E-5,18.253329153,0.339347517,0.33871274,0.151129944,0
9.99806E-5,18.501993378,0.341579608,0.336339472,0.153954802,0
1.01068E-4,18.753365832,0.34401753,0.333966205,0.162429379,0
1.01963E-4,19.007092006,0.346009242,0.331592937,0.163841808,0
1.03177E-4,19.253602299,0.348692285,0.3293146,0.163841808,0
1.04065E-4,19.502310612,0.350641553,0.327036264,0.169491525,0
1.05101E-4,19.753066548,0.352898781,0.324757927,0.172316384,0
1.05916E-4,20.006296599,0.354666114,0.32247959,0.173728814,0
1.06747E-4,20.250876162,0.356455519,0.320296184,0.175141243,0
1.0756E-4,20.508271792,0.358199613,0.318017847,0.176553672,0
1.08186E-4,20.756360327,0.359534611,0.315834441,0.179378531,0
1.09221E-4,21.00648585,0.361729623,0.313651035,0.179378531,0
1.10715E-4,21.259654104,0.364872076,0.311467629,0.18079096,0
1.11262E-4,21.503931555,0.366014652,0.309379153,0.185028249,0
1.12121E-4,21.760831785,0.367801669,0.307195747,0.186440678,0
1.12941E-4,22.008391694,0.369498009,0.305107272,0.189265537,0
1.13812E-4,22.257771388,0.371288381,0.303018796,0.192090395,0
1.15152E-4,22.509675171,0.374024573,0.300930321,0.194915254,0
1.15932E-4,22.752327221,0.375608164,0.298936776,0.199152542,0
1.1681E-4,23.008453921,0.377377823,0.296848301,0.199152542,0
1.17962E-4,23.25516184,0.379687597,0.294854756,0.201977401,0
1.18811E-4,23.503806875,0.381376656,0.292861211,0.20480226,0
1.19494E-4,23.754089013,0.382730534,0.290867667,0.206214689,0
1.20641E-4,24.006381215,0.384990919,0.288874122,0.206214689,0
1.2144E-4,24.260690327,0.386555076,0.286880577,0.207627119,0
1.21834E-4,24.503986231,0.387323482,0.284981963,0.211864407,0
1.22496E-4,24.760502673,0.38860855,0.282988418,0.216101695,0
1.23052E-4,25.005900297,0.389686682,0.281089804,0.220338983,0
1.23694E-4,25.252598967,0.390924549,0.27919119,0.221751412,0
1.24507E-4,25.500873085,0.39248451,0.277292576,0.223163842,0
1.2542E-4,25.750825544,0.394229499,0.275393962,0.225988701,0
1.26119E-4,26.002345747,0.395556875,0.273495348,0.230225989,0
1.26831E-4,26.255395473,0.396902618,0.271596734,0.234463277,0
1.27508E-4,26.509978157,0.398177951,0.26969812,0.238700565,0
1.28567E-4,26.753320131,0.400161415,0.267894437,0.241525424,0
1.29503E-4,27.011372315,0.40190443,0.265995823,0.245762712,0
1.30432E-4,27.258206848,0.403624181,0.26419214,0.25,0
1.31199E-4,27.506735097,0.405036644,0.262388456,0.251412429,0
1.32181E-4,27.757072552,0.406834055,0.260584773,0.252824859,0
1.33074E-4,28.009123969,0.408460502,0.25878109,0.255649718,0
1.33634E-4,28.262429735,0.409475234,0.256977406,0.257062147,0
1.34386E-4,28.503520975,0.410832314,0.255268654,0.259887006,0
1.35027E-4,28.759453821,0.411986062,0.253464971,0.259887006,0
1.35798E-4,29.003221012,0.413365437,0.251756218,0.262711864,0
1.36586E-4,29.261900317,0.414768562,0.249952535,0.266949153,0
1.37462E-4,29.508735536,0.416321218,0.248243782,0.266949153,0
1.38443E-4,29.757247762,0.418050715,0.246535029,0.269774011,0
1.39408E-4,30.0072843,0.419741969,0.244826277,0.271186441,0
1.40213E-4,30.258983471,0.421145354,0.243117524,0.275423729,0
1.40939E-4,30.512117757,0.422403852,0.241408772,0.279661017,0
1.41627E-4,30.75225062,0.423592574,0.23979495,0.281073446,0
1.42112E-4,31.007636149,0.424427829,0.238086197,0.281073446,0
1.4276E-4,31.263971487,0.425539523,0.236377444,0.282485876,0
1.4355E-4,31.50745989,0.42688925,0.234763623,0.285310734,0
1.44154E-4,31.751990326,0.427916781,0.233149801,0.285310734,0
1.44825E-4,32.012265901,0.429053675,0.231441048,0.285310734,0
1.45774E-4,32.259444356,0.430655174,0.229827226,0.288135593,0
1.46941E-4,32.508405872,0.432610978,0.228213404,0.289548023,0
1.47585E-4,32.758718902,0.433684352,0.226599582,0.293785311,0
1.48128E-4,33.010157643,0.434586958,0.22498576,0.296610169,0
1.48733E-4,33.262413617,0.43558847,0.223371938,0.296610169,0
1.49712E-4,33.501000171,0.43720224,0.221853047,0.296610169,0
1.50173E-4,33.755992077,0.437958447,0.220239225,0.299435028,0
1.51126E-4,34.012181381,0.439515845,0.218625403,0.299435028,0
1.51501E-4,34.25429542,0.440126671,0.217106512,0.302259887,0
1.52197E-4,34.512475995,0.44125606,0.21549269,0.306497175,0
1.53261E-4,34.756893539,0.442974574,0.213973799,0.307909605,0
1.54038E-4,35.002601665,0.444223676,0.212454908,0.312146893,0
1.5465E-4,35.264974831,0.445202441,0.210841086,0.313559322,0
1.5536E-4,35.512969482,0.446333215,0.209322195,0.31779661,0
1.56073E-4,35.762226608,0.447465918,0.207803304,0.31920904,0
1.56889E-4,36.012640515,0.448755592,0.206284412,0.320621469,0
1.5748E-4,36.264215928,0.449686402,0.204765521,0.323446328,0
1.5864E-4,36.501341966,0.451502962,0.203341561,0.324858757,0
1.59551E-4,36.755918391,0.452920515,0.201822669,0.326271186,0
1.60459E-4,37.011998418,0.454327418,0.200303778,0.331920904,0
1.6131E-4,37.253198805,0.455639499,0.198879818,0.334745763,0
1.6214E-4,37.511936579,0.456912361,0.197360927,0.334745763,0
1.62978E-4,37.755729569,0.458191978,0.195936966,0.337570621,0
1.63668E-4,38.000703197,0.45924053,0.194513006,0.337570621,0
1.64386E-4,38.263264399,0.460327876,0.192994114,0.338983051,0
1.65092E-4,38.510373096,0.461393296,0.191570154,0.343220339,0
1.66271E-4,38.758896762,0.463161413,0.190146193,0.344632768,0
1.67251E-4,39.009098917,0.464622668,0.188722233,0.346045198,0
1.67959E-4,39.260570486,0.465673684,0.187298272,0.346045198,0
1.68895E-4,39.513196533,0.46705746,0.185874312,0.348870056,0
1.69369E-4,39.766901808,0.467754825,0.184450351,0.351694915,0
1.7037E-4,40.004630669,0.469221786,0.183121321,0.357344633,0
1.71699E-4,40.261141504,0.471158599,0.181697361,0.357344633,0
1.73139E-4,40.50272108,0.473239356,0.180368331,0.360169492,0
1.73893E-4,40.763004352,0.474322481,0.178944371,0.361581921,0
1.74382E-4,41.006757533,0.475023581,0.177615341,0.36299435,0
1.75098E-4,41.251553897,0.476044278,0.176286311,0.368644068,0
1.76057E-4,41.51497425,0.477407128,0.17486235,0.368644068,0
1.76994E-4,41.76213475,0.478731655,0.173533321,0.370056497,0
1.77467E-4,42.010330601,0.479397823,0.172204291,0.371468927,0
1.78371E-4,42.259526108,0.480665982,0.170875261,0.372881356,0
1.79301E-4,42.509925262,0.481965081,0.169546231,0.372881356,0
1.79911E-4,42.761440188,0.482812932,0.168217201,0.377118644,0
1.80877E-4,43.014016149,0.484149326,0.166888172,0.384180791,0
1.81359E-4,43.267703589,0.484813792,0.165559142,0.38700565,0
1.82197E-4,43.504114294,0.485965296,0.164325043,0.389830508,0
1.82881E-4,43.759693356,0.486902625,0.162996013,0.391242938,0
1.83409E-4,44.016216119,0.487621722,0.161666983,0.396892655,0
1.84196E-4,44.255177348,0.488692069,0.160432884,0.396892655,0
1.85115E-4,44.513776288,0.489935158,0.159103854,0.401129944,0
1.85992E-4,44.755015042,0.491116715,0.157869755,0.406779661,0
1.86863E-4,45.015845137,0.492284985,0.156540725,0.406779661,0
1.87492E-4,45.259277641,0.493124231,0.155306626,0.406779661,0
1.88117E-4,45.503463218,0.493957018,0.154072527,0.40819209,0
1.88994E-4,45.767521815,0.495119611,0.152743497,0.40819209,0
1.89609E-4,46.013630708,0.495930766,0.151509398,0.411016949,0
1.90403E-4,46.260705352,0.496976392,0.150275299,0.412429379,0
1.91114E-4,46.508614875,0.497907305,0.1490412,0.413841808,0
1.91903E-4,46.757695295,0.498938233,0.147807101,0.415254237,0
1.9294E-4,47.007948857,0.500284514,0.146573002,0.418079096,0
1.93702E-4,47.259316709,0.50126974,0.145338903,0.422316384,0
1.94507E-4,47.511685783,0.502307432,0.144104803,0.426553672,0
1.96045E-4,47.765840092,0.50427608,0.142870704,0.429378531,0
1.96781E-4,48.001539346,0.505212511,0.141731536,0.43079096,0
1.97574E-4,48.257801072,0.506218143,0.140497437,0.433615819,0
1.97985E-4,48.51497437,0.50673718,0.139263338,0.436440678,0
1.9928E-4,48.75330805,0.508367434,0.138124169,0.439265537,0
2.00332E-4,49.013214383,0.50968251,0.13689007,0.442090395,0
2.01034E-4,49.254037343,0.510556667,0.135750902,0.443502825,0
2.0209E-4,49.516183727,0.511866688,0.134516803,0.447740113,0
2.03109E-4,49.759404296,0.513122634,0.133377634,0.450564972,0
2.03777E-4,50.003694772,0.513943632,0.132238466,0.453389831,0
2.04299E-4,50.269071191,0.514582157,0.131004367,0.456214689,0
2.04795E-4,50.514576729,0.515188126,0.129865198,0.459039548,0
2.05456E-4,50.76073329,0.515992794,0.12872603,0.461864407,0
2.07161E-4,51.008153174,0.518055937,0.127586862,0.463276836,0
2.08658E-4,51.257712088,0.519854359,0.126447693,0.467514124,0
2.09553E-4,51.508723271,0.520921969,0.125308525,0.468926554,0
2.10632E-4,51.760908961,0.52220368,0.124169356,0.470338983,0
2.11452E-4,52.014283114,0.523173567,0.123030188,0.471751412,0
2.12774E-4,52.268869997,0.524727217,0.12189102,0.471751412,0
2.14064E-4,52.50373409,0.526234583,0.120846782,0.474576271,0
2.15074E-4,52.761338671,0.527408083,0.119707613,0.47740113,0
2.1686E-4,53.020663007,0.529469467,0.118568445,0.480225989,0
2.17443E-4,53.259566688,0.530138119,0.117524207,0.483050847,0
2.18149E-4,53.520957062,0.530944592,0.116385039,0.488700565,0
2.19513E-4,53.761686746,0.532497506,0.115340801,0.490112994,0
2.20833E-4,54.003979706,0.53398989,0.114296564,0.491525424,0
2.21737E-4,54.269552913,0.535005787,0.113157395,0.494350282,0
2.2336E-4,54.514478293,0.536819553,0.112113157,0.498587571,0
2.24655E-4,54.761072216,0.538256319,0.11106892,0.502824859,0
2.25631E-4,55.00881577,0.53933359,0.110024682,0.505649718,0
2.26739E-4,55.257689262,0.540550346,0.108980444,0.508474576,0
2.27725E-4,55.507807145,0.541627748,0.107936207,0.511299435,0
2.29919E-4,55.759798034,0.544008131,0.106891969,0.511299435,0
2.31315E-4,56.013474539,0.54550903,0.105847731,0.514124294,0
2.3236E-4,56.268543689,0.546626368,0.104803493,0.516949153,0
2.33517E-4,56.501567946,0.547857253,0.103854186,0.519774011,0
2.35023E-4,56.75935392,0.549448735,0.102809949,0.519774011,0
2.36603E-4,57.018767731,0.551106726,0.101765711,0.52259887,0
2.38277E-4,57.256412249,0.552849942,0.100816404,0.526836158,0
2.39453E-4,57.519256046,0.554066703,0.099772166,0.529661017,0
2.41156E-4,57.759615834,0.555817273,0.098822859,0.535310734,0
2.43102E-4,58.002073638,0.557801359,0.097873552,0.539548023,0
2.44681E-4,58.27045112,0.559396692,0.096829315,0.54519774,0
2.46442E-4,58.516182423,0.561163771,0.095880008,0.548022599,0
2.47824E-4,58.763390125,0.562540415,0.094930701,0.550847458,0
2.48733E-4,59.011784001,0.56344156,0.093981394,0.553672316,0
2.50072E-4,59.261171514,0.564761282,0.093032087,0.557909605,0
2.51536E-4,59.512181408,0.566196252,0.09208278,0.562146893,0
2.52784E-4,59.764344315,0.567411222,0.091133473,0.562146893,0
2.54623E-4,60.018319077,0.569189356,0.090184166,0.56779661,0
2.56197E-4,60.273791357,0.570699714,0.089234859,0.570621469,0
2.5724E-4,60.504819548,0.571694558,0.088380482,0.572033898,0
2.58839E-4,60.762814444,0.573211526,0.087431175,0.576271186,0
2.60632E-4,61.022456529,0.574899339,0.086481868,0.579096045,0
2.61963E-4,61.257928822,0.576143691,0.085627492,0.580508475,0
2.6319E-4,61.520559595,0.577284707,0.084678185,0.581920904,0
2.64493E-4,61.758161355,0.578489141,0.083823809,0.586158192,0
2.66083E-4,62.02345296,0.57994994,0.082874502,0.587570621,0
2.68457E-4,62.264332283,0.582112741,0.082020125,0.59039548,0
2.69153E-4,62.506254081,0.582742142,0.081165749,0.59180791,0
2.70921E-4,62.776334256,0.584332999,0.080216442,0.594632768,0
2.73591E-4,63.021528741,0.586713508,0.079362066,0.597457627,0
2.75358E-4,63.268868539,0.588273624,0.078507689,0.600282486,0
2.77095E-4,63.517538182,0.589795765,0.077653313,0.603107345,0
2.78266E-4,63.767530882,0.590815397,0.076798937,0.603107345,0
2.80146E-4,64.018611532,0.592442057,0.07594456,0.607344633,0
2.82051E-4,64.271782206,0.594077502,0.075090184,0.610169492,0
2.83896E-4,64.526428095,0.595649355,0.074235808,0.61440678,0
2.85162E-4,64.754053673,0.596720101,0.073476362,0.620056497,0
2.87917E-4,65.011844042,0.599031994,0.072621986,0.627118644,0
2.894E-4,65.271550261,0.600265292,0.07176761,0.629943503,0
2.90712E-4,65.503619589,0.601350027,0.071008164,0.634180791,0
2.92408E-4,65.766218552,0.602743884,0.070153788,0.63700565,0
2.93846E-4,66.000615143,0.603917446,0.069394342,0.638418079,0
2.95011E-4,66.265728408,0.604864163,0.068539966,0.644067797,0
2.95557E-4,66.501981702,0.605305976,0.06778052,0.648305085,0
2.96617E-4,66.768627748,0.606160846,0.066926144,0.652542373,0
2.98142E-4,67.006514007,0.607384019,0.066166698,0.655367232,0
2.99131E-4,67.275319436,0.608174066,0.065312322,0.656779661,0
3.00426E-4,67.515254835,0.609202375,0.064552876,0.65960452,0
3.01388E-4,67.756036558,0.609963294,0.063793431,0.661016949,0
3.03717E-4,68.028589859,0.611793146,0.062939054,0.662429379,0
3.0451E-4,68.272015514,0.612412156,0.062179609,0.663841808,0
3.05927E-4,68.516366557,0.61351421,0.061420163,0.669491525,0
3.07159E-4,68.761698751,0.614466805,0.060660718,0.669491525,0
3.08128E-4,69.00778277,0.615212211,0.059901272,0.672316384,0
3.09155E-4,69.254828079,0.6159997,0.059141826,0.672316384,0
3.10499E-4,69.503009999,0.617025486,0.058382381,0.677966102,0
3.11729E-4,69.751905434,0.617959472,0.057622935,0.68079096,0
3.13082E-4,70.002083374,0.618981408,0.05686349,0.685028249,0
3.15754E-4,70.253693448,0.620982988,0.056104044,0.687853107,0
3.18369E-4,70.5073758,0.622922383,0.055344598,0.689265537,0
3.19425E-4,70.76264877,0.623700167,0.054585153,0.692090395,0
3.21269E-4,71.018830107,0.625050063,0.053825707,0.692090395,0
3.22088E-4,71.276234844,0.625646432,0.053066262,0.696327684,0
3.23058E-4,71.502137908,0.626350918,0.052401747,0.697740113,0
3.25873E-4,71.761972669,0.628378636,0.051642301,0.701977401,0
3.27545E-4,72.02321572,0.629573074,0.050882856,0.70480226,0
3.30324E-4,72.253283455,0.631541496,0.050218341,0.709039548,0
3.32524E-4,72.518394892,0.633084679,0.049458895,0.713276836,0
3.35239E-4,72.752023882,0.634971748,0.04879438,0.716101695,0
3.37888E-4,73.021601477,0.636794039,0.048034934,0.723163842,0
3.39066E-4,73.25857245,0.637598392,0.04737042,0.725988701,0
3.42771E-4,73.531520633,0.640105525,0.046610974,0.72740113,0
3.45976E-4,73.77270792,0.642246778,0.045946459,0.731638418,0
3.47955E-4,74.015503876,0.643556202,0.045281944,0.734463277,0
3.50003E-4,74.259848707,0.644901398,0.044617429,0.735875706,0
3.54493E-4,74.506859812,0.647815133,0.043952914,0.741525424,0
3.56819E-4,74.755979203,0.649305518,0.043288399,0.744350282,0
3.59587E-4,75.006895879,0.651063281,0.042623885,0.745762712,0
3.61797E-4,75.259616746,0.652454235,0.04195937,0.748587571,0
3.64297E-4,75.513903788,0.654013754,0.041294855,0.754237288,0
3.69445E-4,75.770667837,0.65718229,0.04063034,0.758474576,0
3.71598E-4,76.030029154,0.658490339,0.039965825,0.762711864,0
3.74705E-4,76.25429415,0.66036017,0.039396241,0.765536723,0
3.80696E-4,76.518176058,0.6639089,0.038731726,0.769774011,0
3.82053E-4,76.784983633,0.664702055,0.038067211,0.774011299,0
3.8371E-4,77.01478806,0.66566583,0.037497627,0.774011299,0
3.86714E-4,77.284550021,0.66739948,0.036833112,0.779661017,0
3.89463E-4,77.517626263,0.668970063,0.036263528,0.783898305,0
3.95289E-4,77.753374295,0.67224964,0.035693943,0.785310734,0
3.99401E-4,78.031486185,0.674525501,0.035029429,0.789548023,0
4.00197E-4,78.271331245,0.674962523,0.034459844,0.789548023,0
4.02934E-4,78.512589072,0.676456024,0.03389026,0.789548023,0
4.05377E-4,78.755169821,0.677777581,0.033320676,0.792372881,0
4.1106E-4,79.000230694,0.68081045,0.032751092,0.793785311,0
4.16143E-4,79.288818557,0.683475547,0.032086577,0.796610169,0
4.19502E-4,79.539837929,0.68521179,0.031516993,0.798022599,0
4.21363E-4,79.791906334,0.686165996,0.030947408,0.802259887,0
4.28213E-4,80.004944577,0.689628271,0.030472755,0.807909605,0
4.30908E-4,80.26275919,0.690969418,0.029903171,0.810734463,0
4.37207E-4,80.523049117,0.694059381,0.029333586,0.810734463,0
4.42673E-4,80.787048133,0.696691276,0.028764002,0.814971751,0
4.46638E-4,81.009494428,0.698572523,0.028289349,0.81920904,0
4.52694E-4,81.279510382,0.701400578,0.027719765,0.822033898,0
4.57469E-4,81.507503287,0.703593662,0.027245111,0.826271186,0
4.6055E-4,81.782959155,0.704991614,0.026675527,0.829096045,0
4.64439E-4,82.014624361,0.70673735,0.026200873,0.833333333,0
4.67652E-4,82.294236535,0.7081642,0.025631289,0.836158192,0
4.69526E-4,82.528641438,0.708989976,0.025156636,0.837570621,0
4.71663E-4,82.763968835,0.709926139,0.024681982,0.843220339,0
4.79609E-4,83.002022155,0.713354493,0.024207329,0.846045198,0
4.84972E-4,83.292216089,0.715622688,0.023637744,0.847457627,0
4.89613E-4,83.536382221,0.717557044,0.023163091,0.848870056,0
4.92708E-4,83.782304231,0.718832277,0.022688437,0.851694915,0
4.97844E-4,84.029706975,0.720923525,0.022213784,0.851694915,0
5.03257E-4,84.280185965,0.723094134,0.02173913,0.854519774,0
5.07557E-4,84.533678098,0.724794261,0.021264477,0.858757062,0
5.12668E-4,84.788278986,0.726788459,0.020789823,0.860169492,0
5.14798E-4,85.045173944,0.727611118,0.02031517,0.86440678,0
5.17402E-4,85.251694033,0.72860968,0.019935447,0.865819209,0
5.22409E-4,85.511701468,0.730509792,0.019460794,0.868644068,0
5.27185E-4,85.774225014,0.732297941,0.01898614,0.868644068,0
5.31424E-4,86.039838516,0.733865034,0.018511487,0.870056497,0
5.33135E-4,86.252766756,0.734492353,0.018131764,0.871468927,0
5.37267E-4,86.520636901,0.73599505,0.01765711,0.874293785,0
5.41154E-4,86.790455648,0.737393508,0.017182457,0.877118644,0
5.43727E-4,87.007413203,0.738310925,0.016802734,0.881355932,0
5.48992E-4,87.280861016,0.74016858,0.016328081,0.882768362,0
5.52169E-4,87.500947953,0.741276831,0.015948358,0.882768362,0
5.55E-4,87.778014344,0.742256377,0.015473704,0.884180791,0
5.58171E-4,88.000822307,0.743344775,0.015093981,0.88559322,0
5.66953E-4,88.283080248,0.746311617,0.014619328,0.88700565,0
5.74633E-4,88.511951229,0.748850798,0.014239605,0.88700565,0
5.80552E-4,88.801279752,0.75077305,0.013764952,0.891242938,0
5.84976E-4,89.034575318,0.752190744,0.013385229,0.896892655,0
5.88247E-4,89.26935974,0.753228843,0.013005506,0.899717514,0
5.96308E-4,89.506986573,0.75574978,0.012625783,0.901129944,0
6.04988E-4,89.808538529,0.75840759,0.01215113,0.905367232,0
6.12061E-4,90.052040818,0.760530956,0.011771407,0.90819209,0
6.1372E-4,90.29735715,0.761023662,0.011391684,0.912429379,0
6.17004E-4,90.543645355,0.761992821,0.011011961,0.915254237,0
6.24402E-4,90.79139239,0.764147509,0.010632238,0.918079096,0
6.37158E-4,91.04490358,0.767772827,0.010252516,0.922316384,0
6.41752E-4,91.301087257,0.769051491,0.009872793,0.925141243,0
6.50158E-4,91.559730936,0.771354683,0.00949307,0.927966102,0
6.54118E-4,91.755255529,0.772423875,0.009208278,0.93220339,0
6.59777E-4,92.018355375,0.773934551,0.008828555,0.933615819,0
6.72264E-4,92.284568094,0.777198069,0.008448832,0.936440678,0
6.91698E-4,92.55867293,0.78209387,0.00806911,0.937853107,0
6.9684E-4,92.767297406,0.783353368,0.007784317,0.940677966,0
7.04431E-4,93.04815328,0.785186503,0.007404595,0.943502825,0
7.10814E-4,93.260868019,0.78670414,0.007119803,0.946327684,0
7.20187E-4,93.547771162,0.788893882,0.00674008,0.949152542,0
7.27767E-4,93.765679723,0.790632397,0.006455288,0.950564972,0
7.49191E-4,94.060741331,0.795394487,0.006075565,0.951977401,0
7.60212E-4,94.287886065,0.797760854,0.005790773,0.951977401,0
7.65183E-4,94.516738365,0.798810356,0.005505981,0.953389831,0
7.69539E-4,94.823648897,0.799721076,0.005126258,0.956214689,0
7.92178E-4,95.06040104,0.804324649,0.004841466,0.959039548,0
8.0848E-4,95.301059434,0.807510839,0.004556674,0.961864407,0
8.26368E-4,95.546526538,0.810889503,0.004271882,0.964689266,0
8.48137E-4,95.798349677,0.814844715,0.003987089,0.966101695,0
8.60994E-4,96.05520445,0.817103847,0.003702297,0.970338983,0
8.84695E-4,96.319062852,0.821127269,0.003417505,0.974576271,0
9.01149E-4,96.588164289,0.823817852,0.003132713,0.975988701,0
9.03511E-4,96.768863011,0.824197409,0.002942852,0.97740113,0
9.42247E-4,97.048120128,0.830197616,0.00265806,0.978813559,0
9.69168E-4,97.336156306,0.834131882,0.002373268,0.981638418,0
1.00061E-3,97.533420299,0.8385025,0.002183406,0.984463277,0
1.02218E-3,97.837193899,0.841369979,0.001898614,0.985875706,0
1.02678E-3,98.042509963,0.841968315,0.001708753,0.988700565,0
1.0374E-3,98.352265662,0.843332285,0.001423961,0.991525424,0
1.06485E-3,98.562584482,0.846751808,0.001234099,0.991525424,0
1.08789E-3,98.778073086,0.849508906,0.001044238,0.992937853,0
1.114E-3,99.109793298,0.852515711,0.000759446,0.992937853,0
1.15317E-3,99.339972476,0.856808039,0.000569584,0.994350282,0
1.27548E-3,99.583840752,0.868737462,0.000379723,0.995762712,0
1.34999E-3,99.851161918,0.87507725,0.000189861,0.997175141,0
1.48838E-3,100,0.885360724,0.000094931,0.998587571,0
1.48838E-3,100,0.885360724,0.000094931,1,0
