X,Y,Test or train,Raw prediction,Cumulative prediction,Logistic prediction
1.0,1.0,train,4.666105341701534E-4,82.20360269596168,0.7077032918370383
2.0,2.0,train,2.5340069974726586E-4,59.84951352192622,0.5680090247545417
3.0,3.0,train,2.1101967236653585E-4,51.88069695796649,0.5226624479141625
4.0,4.0,train,1.6901660422208992E-4,39.57828436550314,0.46723639990239013
5.0,5.0,train,2.9680895993320993E-4,66.79857176792734,0.6063151728119978
6.0,6.0,train,1.4079747625902165E-4,30.46277270035454,0.42215895701914125
7.0,7.0,train,5.085362881473282E-4,84.58246065169158,0.7251787234418394
8.0,8.0,train,2.942857905795715E-4,66.1006961013403,0.6042754987607994
9.0,9.0,train,1.9165325409045064E-5,3.09585625293098,0.09045131782603805
10.0,10.0,train,1.815906708373232E-4,43.33306094697078,0.48513330175345754
11.0,11.0,train,5.766220636249957E-5,9.583669855120721,0.23029655382974717
12.0,12.0,train,2.1383785536266222E-4,52.46256102400376,0.5259712608623964
13.0,13.0,train,3.3788838994768206E-4,73.02167992036303,0.6367940389202512
14.0,14.0,train,1.0097570499758578E-4,18.732030149409603,0.3438103893527391
15.0,15.0,train,2.2335997704771122E-4,54.51447482929203,0.5368195529378041
16.0,16.0,train,4.756657985330741E-4,82.88388822589975,0.7116633148668355
17.0,17.0,train,9.69167964669631E-4,97.33615592798937,0.8341318815197375
18.0,18.0,train,7.399084681673494E-5,12.450939220547266,0.2774195011789073
19.0,19.0,train,2.408440989449944E-4,57.71559441799406,0.555497989636634
20.0,20.0,train,3.1041596272817065E-4,69.48767640558172,0.6169621326068642
21.0,21.0,train,3.8035811594005865E-5,6.590248440243727,0.1648312890685075
22.0,22.0,train,3.1302890638390985E-4,69.99226604103578,0.6189410908372653
23.0,23.0,train,2.7044940992813226E-4,62.704294024586936,0.5839100871476661
24.0,24.0,train,1.6366783001369242E-4,38.00064284603989,0.45924053043606805
25.0,25.0,train,7.904154732157924E-5,13.50337044336361,0.2908486819434897
26.0,26.0,train,1.321807884047357E-4,27.757018610839154,0.4068340549554049
27.0,27.0,train,7.880147614611678E-4,95.01686309018382,0.8034941026951171
28.0,28.0,train,1.2977932455290506E-4,27.08479152056809,0.402417097884738
29.0,29.0,train,5.271853685503655E-4,85.77424810717132,0.7322979405653334
30.0,30.0,train,4.281523182479004E-4,80.0030573457811,0.6895977878826323
31.0,31.0,train,2.3180204278607503E-4,56.13235452891176,0.546030377123745
32.0,32.0,train,6.01756532442543E-4,89.69627408629243,0.7574249873622741
33.0,33.0,train,2.570575686098795E-4,60.46441034949458,0.571521280007537
34.0,34.0,train,1.6066206946753394E-4,37.06955474485907,0.45464099730074
35.0,35.0,train,3.7463457582817333E-4,76.24921089392888,0.6603180035035547
36.0,36.0,train,4.4497199321500336E-5,7.530664366529114,0.1875798259470836
37.0,37.0,train,2.545763121930791E-4,60.011871265879265,0.5691444102270821
38.0,38.0,train,3.5949099081152805E-4,74.99819273361096,0.6510027211692047
39.0,39.0,train,4.5764474917437537E-4,81.52321608848584,0.7036737551506989
40.0,40.0,train,7.035021244678825E-5,11.690405937368787,0.26741970177334456
41.0,41.0,train,2.3277181947326575E-4,56.35148571732833,0.5470650596375117
42.0,42.0,train,1.7148234714378903E-5,2.684050785907111,0.08170944987305712
43.0,43.0,train,3.516817039039386E-4,74.35220026741864,0.6459964567930931
44.0,44.0,train,1.1258125726502798E-4,21.89978452481331,0.3687543997074671
45.0,45.0,train,5.84975542117148E-4,89.03455117196945,0.7521907438191742
46.0,46.0,train,3.3692951313886796E-4,72.92406029811625,0.6361364915614962
47.0,47.0,train,1.9088627747393936E-4,46.42921321141063,0.49760962455305224
48.0,48.0,train,7.119008715303197E-5,11.853821599949557,0.2697510836186914
49.0,49.0,train,1.7489865193166338E-4,41.183397916135156,0.4757608291007965
50.0,50.0,train,1.2278197166487085E-4,24.886719879997546,0.3891636284579623
51.0,51.0,train,1.7584460460102007E-5,2.7771727021465806,0.08361421969870504
52.0,52.0,train,1.8502753972638247E-4,44.48916569599826,0.4898177224131073
53.0,53.0,train,2.1755058576516823E-4,53.29939938402606,0.5302609664743813
54.0,54.0,train,1.5529537826479423E-4,35.49039786978962,0.44623110559755075
55.0,55.0,train,2.856336327928375E-4,64.79818521263633,0.5971178874742773
56.0,56.0,train,2.1690156245146252E-4,53.03769460673547,0.5295166906357691
57.0,57.0,train,1.9717357900704555E-4,48.128403121456316,0.5057110098824319
58.0,58.0,train,2.8516104210767545E-4,64.75388144488466,0.596719465617493
59.0,59.0,train,1.247440146936235E-4,25.565760714233654,0.3929388168792459
60.0,60.0,train,1.5115282383701875E-4,34.029499854392235,0.43955998691014453
61.0,61.0,train,2.697614611655207E-4,62.5992027790003,0.5832911468481268
62.0,62.0,train,7.440691980176987E-5,12.543958669459817,0.2785449811385037
63.0,63.0,train,2.681660047945856E-4,62.23480628128287,0.5818486198617026
64.0,64.0,train,2.882507641226105E-4,65.07029354862242,0.5993101100150755
65.0,65.0,train,1.4038137973173325E-4,30.317692400985077,0.42143714222543627
66.0,66.0,train,1.41962237371379E-5,2.101001500524071,0.06860849018950918
67.0,67.0,train,2.0252852329092459E-4,49.6208528971064,0.5124077803362441
68.0,68.0,train,1.3812249674006105E-4,29.676056142664947,0.4174869090961585
69.0,69.0,train,1.454463046198653E-4,32.17409215602916,0.4301026290155674
70.0,70.0,train,1.4021347048986092E-4,30.259147516612966,0.42114535422644295
71.0,71.0,train,8.334889348681858E-6,1.0737772830352061,0.04145574821757106
72.0,72.0,train,2.4247421477671444E-4,57.92385604980809,0.5571629690854047
73.0,73.0,train,6.666436491871622E-4,92.16474677009359,0.7757408533330339
74.0,74.0,train,1.2925214105503E-4,26.942211312195035,0.4014386416634158
75.0,75.0,train,9.360547383669343E-6,1.248800887617477,0.046320826185365774
76.0,76.0,train,4.747356537328937E-5,7.999288359212369,0.19764694728440724
77.0,77.0,train,2.390685757460678E-5,4.040204428633737,0.11035951531189045
78.0,78.0,train,6.480285185033126E-5,10.80863381172704,0.2516390290148365
79.0,79.0,train,8.778485784112592E-6,1.1460298976081347,0.04356596944373395
80.0,80.0,train,1.1105035764855857E-4,21.40941701362201,0.36557313803242864
81.0,81.0,train,1.9370151510196982E-4,47.25915675128834,0.5012697404760263
82.0,82.0,train,2.1754512140790603E-4,53.29737625316425,0.5302547099819674
83.0,83.0,train,1.390662029276195E-4,29.91872289411756,0.4191437618059262
84.0,84.0,train,8.445399537028419E-5,14.806107371030258,0.30469645229646874
85.0,85.0,train,2.254710748070206E-4,54.96822106130855,0.5391577633508865
86.0,86.0,train,4.236481097599492E-5,7.272726281669273,0.18021059695877406
87.0,87.0,train,4.6216657297905E-5,7.7668452126501135,0.19342623381367866
88.0,88.0,train,1.91040802589875E-5,3.0822370588542958,0.09018833832117946
89.0,89.0,train,6.694458679263213E-5,11.167338242846288,0.2578115672053241
90.0,90.0,train,8.233361885086148E-5,14.306997287187734,0.29933639113305277
91.0,91.0,train,0.0014883808202496975,100.0,0.8853607239138865
92.0,92.0,train,3.4733565510865384E-4,73.93951881536933,0.6431476465356135
93.0,93.0,train,5.135627460948209E-4,84.89619248855853,0.7271345650610115
94.0,94.0,train,3.259363697023788E-4,71.77187392162584,0.6284242520209541
95.0,95.0,train,7.523313125529807E-5,12.715638357580382,0.28076952668519817
96.0,96.0,train,1.895048186419855E-4,45.971939718256614,0.49579385745456517
97.0,97.0,train,1.2264795373643808E-4,24.82756937422272,0.38890404922338834
98.0,98.0,train,2.464418153588779E-4,58.51615665803491,0.5611637714822117
99.0,99.0,train,6.501582210513996E-4,91.55974185039013,0.7713546833539853
100.0,100.0,train,1.4719522477484623E-4,32.607219185187624,0.4330348436564129
101.0,101.0,train,2.1454358207933076E-4,52.62605343712981,0.5267926811720277
102.0,102.0,train,1.5168373182753328E-4,34.322079627332386,0.44042392036085193
103.0,103.0,train,1.8030373687737713E-4,42.86412744910111,0.48335700976436363
104.0,104.0,train,5.685582659735161E-5,9.44185101130032,0.22780964320209804
105.0,105.0,train,3.275449024132934E-4,72.02320047248267,0.6295730735299468
106.0,106.0,train,2.8427657567296587E-4,64.59485523365055,0.5959716867828024
107.0,107.0,train,1.6942981059322795E-4,39.78134379907374,0.4678442731722855
108.0,108.0,train,4.6814222205334626E-4,82.35555481294188,0.708380751030053
109.0,109.0,train,3.4630195681879003E-4,73.81269831789432,0.6424633005217063
110.0,110.0,train,0.0010317668702052383,98.18796302008529,0.8426114832195489
111.0,111.0,train,4.381141518093937E-4,80.56686309157786,0.6944995107252111
112.0,112.0,train,1.3968340113115044E-4,30.093393910438547,0.420222280271562
113.0,113.0,train,1.600016067521817E-4,36.88300141882497,0.45361982629211944
114.0,114.0,train,5.521694202642505E-4,87.50098908373089,0.7412768306913652
115.0,115.0,train,6.40920945545194E-4,91.25474363792743,0.7688211474519555
116.0,116.0,train,3.7617042839200985E-4,76.31884097692722,0.661235054049019
117.0,117.0,train,1.2679972848364795E-4,26.244281359735268,0.39684450136614147
118.0,118.0,train,3.2274989381895174E-4,71.43038313445759,0.62612728627328
119.0,119.0,train,3.8126763110330316E-4,76.63056773704709,0.6642433993376623
120.0,120.0,train,2.0215569394236338E-4,49.531863921348844,0.5119474111662459
121.0,121.0,train,2.782657592425985E-4,63.76747948354326,0.590815397189599
122.0,122.0,train,9.360798160739118E-6,1.2488519662348982,0.046322009675478934
123.0,123.0,train,9.509839214070907E-5,17.342809604633203,0.3304108672921621
124.0,124.0,train,2.0730042872249175E-4,51.03139678159215,0.5182243402037368
125.0,125.0,train,2.508888638072893E-4,59.40122677197822,0.565562973636845
126.0,126.0,train,4.8048866651213194E-5,8.09411212759434,0.19956411519287495
127.0,127.0,train,7.708714545192754E-5,13.045612778615446,0.2857118068283605
128.0,128.0,train,2.1744331905749608E-4,53.25968481626944,0.5301381194714256
129.0,129.0,train,1.962457019293544E-4,47.83011359067553,0.504531884884334
130.0,130.0,train,1.2569580207069263E-4,25.8500670215514,0.3947534027017856
131.0,131.0,train,2.848826637894903E-4,64.7038292919782,0.5964844072366274
132.0,132.0,train,9.550890457368394E-5,17.453843773005225,0.33136453454957243
133.0,133.0,train,3.6082061898423705E-4,75.14796432209685,0.6518410272063397
134.0,134.0,train,1.1946305577239639E-4,23.742749646318607,0.38266963983279645
135.0,135.0,train,3.8891460602531974E-4,77.47113022562134,0.6686577195583225
136.0,136.0,train,1.9178682353963964E-4,46.721019399511185,0.49878626280165467
137.0,137.0,train,1.3600258935058567E-4,29.070382218878052,0.41373032808336274
138.0,138.0,train,4.896129914162503E-4,83.53638176940315,0.7175570444799975
139.0,139.0,train,1.669770451810415E-4,38.939155972024444,0.4642155182629911
140.0,140.0,train,3.278749157041636E-4,72.05052876742636,0.6298078928824259
141.0,141.0,train,1.3642977042162147E-4,29.210614328731722,0.4144912070912392
142.0,142.0,train,1.6955684726093013E-4,39.81151391127961,0.46803087977600266
143.0,143.0,train,2.9226050464211237E-6,0.14553830852347777,0.014938474115730281
144.0,144.0,train,1.1337983413075438E-4,22.134036150078394,0.370401240835717
145.0,145.0,train,9.082289195346919E-5,16.381930614666533,0.32031424177731826
146.0,146.0,train,7.319375682244934E-5,12.263454616610147,0.27525353109294504
147.0,147.0,train,1.539154600629114E-4,34.963851268214675,0.44402661294105
148.0,148.0,train,3.074792192612121E-4,68.84302057015405,0.614713261654168
149.0,149.0,train,4.9680098777759245E-5,8.373074965849604,0.20495064612065003
150.0,150.0,train,2.757075230611934E-4,63.31890640592414,0.5885807069819528
151.0,151.0,train,1.815272734856902E-4,43.31517572907736,0.4850460835702168
152.0,152.0,train,2.414621045822955E-4,57.797754294851856,0.5561306841118495
153.0,153.0,train,1.4482501849244942E-4,32.01227071758069,0.4290536752561315
154.0,154.0,train,2.5917951584720496E-4,60.81212411747676,0.5735332512374172
155.0,155.0,train,1.7961387472593488E-4,42.638929628460296,0.48239977145432994
156.0,156.0,train,2.7133080603934515E-4,62.81396803156821,0.5847003882627791
157.0,157.0,train,5.453523736811983E-5,9.113932120341122,0.2205623340576656
158.0,158.0,train,1.8286468733831496E-4,43.75359807124534,0.4868797742118064
159.0,159.0,train,1.0380763452363291E-4,19.43022847973457,0.350077196338421
160.0,160.0,train,3.7117688590676946E-4,75.9792996111168,0.658235150025965
161.0,161.0,train,1.6795865166402456E-4,39.260446761996775,0.46567368391855557
162.0,162.0,train,1.801091718376813E-4,42.81325534570755,0.4830873940358776
163.0,163.0,train,3.975669565902682E-4,77.9074420996346,0.6735144905611826
164.0,164.0,train,2.446805158027302E-4,58.27036882256868,0.5593966915058343
165.0,165.0,train,2.435596054512774E-4,58.07985134462653,0.5582646730211275
166.0,166.0,train,2.9635415116763074E-4,66.70250736889908,0.6059490703815521
167.0,167.0,train,6.355042724798672E-4,91.01203760073027,0.7673092140345468
168.0,168.0,train,1.2165582847925596E-4,24.39396490814092,0.38697551885301984
169.0,169.0,train,2.5007175397016347E-4,59.26112569117023,0.5647612816434425
170.0,170.0,train,1.0037745221322004E-4,18.593733045751016,0.3424710157595266
171.0,171.0,train,8.761106157950483E-4,96.22349465241042,0.8196906368667745
172.0,172.0,train,1.0805511541829804E-4,20.70448977727392,0.3592552588611656
173.0,173.0,train,2.866035327324836E-5,4.876958679307987,0.12946192547713856
174.0,174.0,train,5.773921431524541E-4,88.64682178366213,0.7497505330337243
175.0,175.0,train,0.0012754839522337244,99.58385493151587,0.8687374615982726
176.0,176.0,train,4.195376405986018E-4,79.54466537061354,0.6852303224097066
177.0,177.0,train,3.216971781546209E-4,71.15340286069883,0.6253621844795368
178.0,178.0,train,2.466903679577268E-4,58.56060968210281,0.5614119992033967
179.0,179.0,train,1.598924240977637E-4,36.85220902114734,0.4534506456308281
180.0,180.0,train,1.409388845991448E-4,30.51207752020511,0.4224038523191979
181.0,181.0,train,8.534896530930961E-4,95.90528399256156,0.8157920200179413
182.0,182.0,train,1.8433477663682178E-4,44.294227936877995,0.4888803645514252
183.0,183.0,train,1.6019823829495694E-4,36.93845671704406,0.4539242467005442
184.0,184.0,train,2.0119300180574662E-4,49.29350869567608,0.5107546499640374
185.0,185.0,train,4.92062041950469E-4,83.73097780065545,0.7185671715308701
186.0,186.0,train,3.2570292883331894E-4,71.7462744803863,0.6282569350940045
187.0,187.0,train,4.6173347312984295E-4,81.85345788125882,0.7055250645058951
188.0,188.0,train,4.605500542733956E-4,81.78296238803095,0.7049916142428048
189.0,189.0,train,3.012746056964435E-4,67.72765477443585,0.6098740299989033
190.0,190.0,train,1.275076850856268E-4,26.50985973492266,0.3981779514845019
191.0,191.0,train,6.928910993845703E-4,92.60708011279306,0.7823873705552041
192.0,192.0,train,1.0341918708592349E-4,19.321433314282,0.34922468952926433
193.0,193.0,train,6.541612659736439E-4,91.7572670630171,0.7724354455452714
194.0,194.0,train,2.8202360722716347E-4,64.26814176150563,0.5940543094133812
195.0,195.0,train,2.875552300258832E-4,64.9779925664571,0.5987298315734553
196.0,196.0,train,4.469140342517376E-4,81.02180183417893,0.698702488347109
197.0,197.0,train,8.77778374806405E-4,96.24206147354276,0.819971545754473
198.0,198.0,train,6.147423531052077E-4,90.37402996094937,0.7613261411454016
199.0,199.0,train,9.422473948035583E-4,97.04812435212644,0.8301976156650823
200.0,200.0,train,3.976223004230846E-4,77.91118523629423,0.6735450981479657
201.0,201.0,train,1.556443206840921E-4,35.612364933022654,0.4467857931267689
202.0,202.0,train,1.9762465699125272E-4,48.28949845766233,0.5062822044933281
203.0,203.0,train,2.5462297816038594E-4,60.01831606084406,0.569189356240893
204.0,204.0,train,6.130963182643793E-4,90.20513333100189,0.7608386039999492
205.0,205.0,train,4.6972177499362384E-4,82.5502002679706,0.7090760995381598
206.0,206.0,train,2.3827650713892135E-4,57.256342281417275,0.5528499422414758
207.0,207.0,train,1.4257094659456498E-4,31.189185887336052,0.4252153572403326
208.0,208.0,train,2.9032196918819496E-5,4.933400116573123,0.13092167991118214
209.0,209.0,train,1.7189169487234375E-4,40.2934686884154,0.4714374247401687
210.0,210.0,train,8.0848008753675E-4,95.30106063521828,0.80751083870297
211.0,211.0,train,1.1834709650292383E-4,23.36794432933789,0.3804549565937612
212.0,212.0,train,3.6316514220510314E-4,75.39877707974841,0.6533094357569477
213.0,213.0,train,4.213630441484062E-4,79.79190770703633,0.6861659963400794
214.0,214.0,train,1.9793101887742134E-4,48.481196989651345,0.5066693946671014
215.0,215.0,train,2.8083800263941104E-4,64.11057729296034,0.5930379801303571
216.0,216.0,train,2.95107664224222E-4,66.30755485742196,0.6049422001916911
217.0,217.0,train,2.7872633876303073E-4,63.829010752128696,0.5912151499310743
218.0,218.0,train,5.019090852633464E-4,84.21781309933529,0.7225567545968579
219.0,219.0,train,6.047982696345262E-4,89.80194710471184,0.7583501689871658
220.0,220.0,train,1.1526680416541566E-4,22.54538987111109,0.3742586567622183
221.0,221.0,train,3.527374036876365E-4,74.4102781226791,0.6466816089632677
222.0,222.0,train,7.866032995023381E-5,13.405504677912166,0.2898525132171742
223.0,223.0,train,8.481369567508031E-4,95.79834917669459,0.8148447148377752
224.0,224.0,train,2.042842763890939E-4,50.2615859436111,0.5145641578874209
225.0,225.0,train,2.586048267649286E-4,60.72503114229379,0.5729902151381834
226.0,226.0,train,5.81834564546458E-4,88.86891461226163,0.7511858267409074
227.0,227.0,train,3.807710214360427E-4,76.532926454038,0.6639526538716585
228.0,228.0,train,3.3565691888524663E-4,72.7945537302408,0.6352601277118092
229.0,229.0,train,0.0013499948265203205,99.85116710890995,0.8750772497643907
230.0,230.0,train,1.694644486422478E-4,39.789570036776794,0.46789516664883635
231.0,231.0,train,2.241445997966339E-4,54.66388180021001,0.5376913509688936
232.0,232.0,train,2.9118878634932247E-4,65.57744246689188,0.6017428728383385
233.0,233.0,train,3.381526280323396E-5,5.750285570185983,0.14927138432207976
234.0,234.0,train,8.609936207372481E-4,96.05519687315875,0.817103847469063
235.0,235.0,train,3.3775988303078817E-4,73.00856355157954,0.636706053566319
236.0,236.0,train,3.103256293090821E-4,69.47099551169067,0.6168933493710711
237.0,237.0,train,2.660827399616466E-4,62.02340957258356,0.5799499396644806
238.0,238.0,train,2.394525127853641E-4,57.51914715029859,0.5540667034383128
239.0,239.0,train,5.342990717047186E-4,86.32823143565473,0.7349173387669243
240.0,240.0,train,4.716630115331433E-4,82.76396918052015,0.7099261392323641
241.0,241.0,train,1.400242079414609E-4,30.19995390003643,0.42081610600674596
242.0,242.0,train,2.2503069770651464E-4,54.856437671985226,0.5386719610057772
243.0,243.0,train,1.514226285474051E-4,34.203695876186536,0.43999936655399535
244.0,244.0,train,1.9306088977161083E-4,47.0478278625362,0.5004415525684095
245.0,245.0,train,6.999896306103256E-4,92.88382912222185,0.7841177536925559
246.0,246.0,train,5.607557500462186E-4,88.08389748646314,0.744225143030332
247.0,247.0,train,2.005718372186406E-4,49.09549117632079,0.5099819369324787
248.0,248.0,train,1.5631633132988238E-4,35.83690007492567,0.4478509132453014
249.0,249.0,train,4.5269365110959256E-4,81.27949482619151,0.7014005775846248
250.0,250.0,train,6.60833650978442E-4,92.04088231742053,0.7742143588628222
251.0,251.0,train,5.07502040396368E-4,84.53043813819686,0.7247728047649254
252.0,252.0,train,3.8694907054673017E-4,77.30448067201374,0.6675342082117773
253.0,253.0,train,3.960239872964646E-4,77.80308458345958,0.6726588437064867
254.0,254.0,train,5.361437616750387E-4,86.44781937607819,0.73558823944136
255.0,255.0,train,1.5013871096697116E-4,33.73702586032555,0.4379023096425701
256.0,256.0,train,4.7157713851413076E-4,82.75451372972525,0.7098886416894001
257.0,257.0,train,3.385254667829338E-4,73.14983672641172,0.6372296003125314
258.0,258.0,train,2.902246967407334E-4,65.41742436040991,0.6009478431012977
259.0,259.0,train,6.171904797147848E-4,90.54989025854495,0.7620475834429988
260.0,260.0,train,6.371577222689845E-4,91.04489806040763,0.7677728274390863
261.0,261.0,train,0.0010092694140189352,97.65537214742014,0.8396656663789327
262.0,262.0,train,1.915357716062822E-5,3.0932437738187613,0.09040088400746284
263.0,263.0,train,2.948878354295323E-4,66.2377004582927,0.6047640959094561
264.0,264.0,train,1.1108385178037676E-4,21.42437471223994,0.3656430830397584
265.0,265.0,train,7.044310806908792E-4,93.04815596903951,0.7851865034520151
266.0,266.0,train,1.0574639953105898E-4,19.95359974574901,0.3542989336189936
267.0,267.0,train,4.7053600154538884E-4,82.6398632604812,0.7094332435228493
268.0,268.0,train,4.42672678168858E-4,80.78703258907304,0.6966912759639508
269.0,269.0,train,7.709744471864702E-5,13.047794815267656,0.2857390720744895
270.0,270.0,train,3.1906809228660435E-4,70.67637141013786,0.6234376485091306
271.0,271.0,train,1.182342655456087E-4,23.334899738842367,0.38023015242762115
272.0,272.0,train,3.444144292759199E-4,73.65519434546037,0.6412068923040848
273.0,273.0,train,2.9971718710506323E-4,67.38392718653436,0.6086401890091427
274.0,274.0,train,6.916982584813463E-4,92.55868341726865,0.7820938700728836
275.0,275.0,train,1.87491706321725E-4,45.25916398307018,0.49312423146809703
276.0,276.0,train,4.0866195161751807E-4,78.8968226647712,0.6795378736409949
277.0,277.0,train,1.1530132397768116E-4,22.556128721382677,0.37432878326864044
278.0,278.0,train,1.698736039968568E-4,39.88674090233448,0.4684956003481269
279.0,279.0,train,2.4388110131090922E-4,58.134494947718,0.558589949370018
280.0,280.0,train,7.12714169432767E-4,93.31903131596931,0.7871516588581687
281.0,281.0,train,7.65182998808966E-4,94.5167383101678,0.7988103559537986
282.0,282.0,train,3.622771634265847E-4,75.30845648096913,0.6527547414799145
283.0,283.0,train,7.662713234901839E-4,94.59341833317274,0.7990386787792135
284.0,284.0,train,3.0450953958431333E-4,68.27187418109949,0.6124121559575678
285.0,285.0,train,2.5290502755795532E-5,4.302004233761769,0.11600578280531866
286.0,286.0,train,2.488553499164623E-4,59.03457155991135,0.5635623336128397
287.0,287.0,train,3.99733132197604E-5,6.899605478336081,0.17178524614916474
288.0,288.0,train,4.873480544508509E-4,83.41722191203073,0.716616380830211
289.0,289.0,train,1.2238626477126867E-4,24.71798169046796,0.3883965475292945
290.0,290.0,train,4.3720662543130336E-4,80.5230336389148,0.6940593806349208
291.0,291.0,train,1.8337907460791417E-4,44.00167720941342,0.4875815636769217
292.0,292.0,train,3.808412420357383E-4,76.54673293002902,0.6639937958387722
293.0,293.0,train,2.5374202586113723E-4,59.89665230307622,0.5683392874078615
294.0,294.0,train,3.0582990602533806E-4,68.49962342786968,0.6134386485235362
295.0,295.0,train,8.326941048642422E-4,95.61970672930674,0.8120562559498439
296.0,296.0,train,6.867463565212183E-5,11.402341552976614,0.2627237615352056
297.0,297.0,train,2.0895352845564096E-4,51.34059582795598,0.5202071017071481
298.0,298.0,train,8.133900146081281E-4,95.3684368415612,0.8084502067026628
299.0,299.0,train,2.9524033401962733E-4,66.36496085774948,0.6050496110032952
300.0,300.0,train,7.074526517824519E-4,93.14885042401585,0.7859075585768337
301.0,301.0,train,1.929812285562907E-4,47.02154929484233,0.5003383757854509
302.0,302.0,train,1.74921737689823E-4,41.19129080671848,0.47579374824665044
303.0,303.0,train,1.806770661499492E-4,42.96174028532194,0.48387355867053405
304.0,304.0,train,1.0759197637526106E-4,20.520944271381993,0.35826710744695517
305.0,305.0,train,4.1950159557716654E-4,79.5398077063249,0.6852117901069131
306.0,306.0,train,2.760208362950163E-4,63.36376045889013,0.5888557055375143
307.0,307.0,train,3.000469026986013E-4,67.44501633131588,0.6089020519266981
308.0,308.0,train,5.1377444798407E-4,84.92172542186707,0.7272163294846823
309.0,309.0,train,2.49034593541822E-4,59.06795551954507,0.5637394197925768
310.0,310.0,train,7.602120478584026E-4,94.28788826828011,0.7977608544285495
311.0,311.0,train,2.9819861787639497E-4,67.02190247267586,0.6074295877056023
312.0,312.0,train,2.2169061326498984E-4,54.25592561877554,0.5349537313182092
313.0,313.0,train,5.834853781014776E-4,88.95596874487437,0.751714998160311
314.0,314.0,train,2.3822809654910158E-4,57.2494698135058,0.5527997116268496
315.0,315.0,train,4.249798960347552E-4,79.90439351303036,0.6880036050876657
316.0,316.0,train,3.1836874811477615E-4,70.50735136449866,0.6229223826547331
317.0,317.0,train,3.747032979582419E-4,76.25417129567491,0.6603591432699617
318.0,318.0,train,3.7014173013750053E-4,75.85459948867475,0.6576066124852121
319.0,319.0,train,4.5436931901214264E-4,81.35950218270789,0.7021738144393052
320.0,320.0,train,4.446608706022841E-4,80.89857258455548,0.6976373914569759
321.0,321.0,train,5.826601734649421E-4,88.91245233828613,0.7514507589036552
322.0,322.0,train,3.116886290482434E-4,69.74373620993592,0.6179285696728236
323.0,323.0,train,2.643953806315285E-4,61.74036048488572,0.5783994010010238
324.0,324.0,train,3.5561491518583713E-4,74.62701923927833,0.6485357264476741
325.0,325.0,train,2.6460323744590536E-4,61.77655448012914,0.5785910215247243
326.0,326.0,train,9.643406139775346E-5,17.671962130350472,0.333503851642972
327.0,327.0,train,1.5219665403182369E-4,34.51234765841568,0.4412560600175036
328.0,328.0,train,2.0791700931576052E-4,51.134184479153696,0.5189657928494016
329.0,329.0,train,1.1205626481132642E-4,21.741471499948386,0.36766704812376816
330.0,330.0,train,6.761446112752475E-5,11.260480155498145,0.25972131280748695
331.0,331.0,train,9.176496514065553E-5,16.573556912215338,0.32256502247471025
332.0,332.0,train,4.969241980354607E-5,8.375301782456713,0.2049910558295869
333.0,333.0,train,1.9275846373338634E-4,46.964139698511815,0.5000496256096273
334.0,334.0,train,1.9981367475026284E-4,48.885157334558464,0.5090354879152644
335.0,335.0,train,5.029666833847901E-4,84.26675197043913,0.7229785297664825
336.0,336.0,train,2.299193588020651E-4,55.75986323432512,0.5440081307170732
337.0,337.0,train,2.1373254290727822E-4,52.44338729197634,0.5258484393763593
338.0,338.0,train,2.4306312310409743E-4,57.997229852384955,0.5577614096375241
339.0,339.0,train,2.27269415195061E-4,55.392239288064594,0.5411310292789152
340.0,340.0,train,2.843308778031353E-4,64.60461870424017,0.5960176768221715
341.0,341.0,train,1.0175116544769823E-4,18.947038407702202,0.34553839805834735
342.0,342.0,train,9.494895297289188E-5,17.30238974791767,0.33006302728161535
343.0,343.0,train,3.0479820904527355E-4,68.32171500645916,0.6126370416521815
344.0,344.0,train,3.659804394188493E-4,75.59786779760178,0.6550564124074303
345.0,345.0,train,0.0010648489842870691,98.56257669972149,0.8467518079934884
346.0,346.0,train,1.7477738737819114E-4,41.1419382488557,0.4755878439428641
347.0,347.0,train,1.9566837729093482E-4,47.703603236098715,0.503795390651974
348.0,348.0,train,1.330876300420919E-4,28.015289269451248,0.40848505140113184
349.0,349.0,train,9.671598151551573E-4,97.31467010981763,0.8338447070051784
350.0,350.0,train,1.479941337138463E-4,32.948170220434925,0.43436426681445084
351.0,351.0,train,5.174016764272464E-4,85.25166837083646,0.7286096799997058
352.0,352.0,train,1.0636880788189755E-4,20.139566820272513,0.3556426464242646
353.0,353.0,train,2.037419335766681E-4,49.99087083001292,0.5139001029510855
354.0,354.0,train,1.8528141734986577E-4,44.55955315701437,0.4901603766682432
355.0,355.0,train,1.8427994247627883E-4,44.27879806115199,0.4888060228930168
356.0,356.0,train,6.508894288220385E-4,91.59584515891352,0.7715528641542594
357.0,357.0,train,1.8134239048802185E-4,43.25896162930418,0.4847915640726652
358.0,358.0,train,1.0106288949620006E-4,18.75218444531491,0.3440051233703468
359.0,359.0,train,3.452682603586034E-4,73.71944807475482,0.6417763259027787
360.0,360.0,train,4.5745444283140033E-4,81.50680822288322,0.7035870203568773
361.0,361.0,train,9.897485820845462E-5,18.24962826736489,0.33930933656388196
362.0,362.0,train,1.0024078290477819E-4,18.56213942845332,0.3421642717375632
363.0,363.0,train,7.337411973569508E-5,12.305878018731923,0.2757447756351553
364.0,364.0,train,2.884398829641214E-4,65.10341245575016,0.5994676002345938
365.0,365.0,train,2.633115924112517E-4,61.542731944129734,0.577397440686094
366.0,366.0,train,1.2262981460419063E-4,24.81956343905195,0.3888688985983835
367.0,367.0,train,3.2781121893887637E-4,72.04525544230349,0.629762592947213
368.0,368.0,train,1.2963089303027916E-4,27.045353387554265,0.40214193164291584
369.0,369.0,train,2.4003139530928596E-4,57.60089020567127,0.5546632188349626
370.0,370.0,train,2.0495245857666332E-4,50.573214341301664,0.5153798025444949
371.0,371.0,train,1.760567434156018E-4,41.51490377080005,0.4774071275551539
372.0,372.0,train,1.2921870061904358E-4,26.9329918917461,0.4013764679016592
373.0,373.0,train,2.3610009559910404E-4,56.93619789099677,0.5505805008332725
374.0,374.0,train,1.8338834561304454E-4,44.00618142125401,0.4875941946951492
375.0,375.0,train,8.666144951960322E-5,15.346314452393255,0.310190194205793
376.0,376.0,train,2.965485791636813E-4,66.75141629001095,0.6061056602461516
377.0,377.0,train,2.1723090236627847E-4,53.17265261351035,0.5298946599360858
378.0,378.0,train,1.740032402436421E-4,40.81795611081796,0.47448081854335106
379.0,379.0,train,1.8135787452567339E-4,43.267111226550405,0.484812889852676
380.0,380.0,train,1.1359986137995435E-4,22.19703308242874,0.3708534765803072
381.0,381.0,train,1.998680064021325E-4,48.898580471823934,0.5091034342065942
382.0,382.0,train,3.3269349025893164E-5,5.629286148119392,0.14721631378975097
383.0,383.0,train,2.9631264425873015E-4,66.6920661866915,0.6059156251107912
384.0,384.0,train,8.044439705073519E-5,13.836862812956229,0.2944905620729
385.0,385.0,train,2.044702336062733E-4,50.35382683340284,0.5147914299706754
386.0,386.0,train,3.694450481150105E-4,75.77067363317859,0.6571822900700699
387.0,387.0,train,2.977458695420738E-4,66.94472122489377,0.6070672066772811
388.0,388.0,train,1.0373069654318883E-4,19.408679926444172,0.3499085217019757
389.0,389.0,train,5.553118901821366E-4,87.79992907631207,0.7423637222597703
390.0,390.0,train,1.2329896120495099E-4,25.100799052144872,0.39016292232698363
391.0,391.0,train,3.40776378634637E-4,73.38457642856038,0.6387601896694439
392.0,392.0,train,3.691028695461881E-4,75.75360357891785,0.6569734968061963
393.0,393.0,train,2.829993619364326E-4,64.40267460079492,0.5948869500009021
394.0,394.0,train,1.609507785930458E-4,37.15138406660277,0.4550861854227054
395.0,395.0,train,4.1163367485228664E-4,79.03280114445805,0.6811136470070503
396.0,396.0,train,7.494871869816202E-5,12.656539855740231,0.2800053058124974
397.0,397.0,train,1.78267280713892E-4,42.23093497958478,0.480521008972681
398.0,398.0,train,1.9450530503109945E-4,47.51115440693553,0.5023049882840472
399.0,399.0,train,1.0711558257896704E-4,20.367569329429575,0.35724749076989754
400.0,400.0,train,2.3088854443286422E-4,55.93598044314842,0.5450514065431221
401.0,401.0,train,3.1702692665750776E-4,70.377180648153,0.6219297908242405
402.0,402.0,train,1.6831472501498766E-4,39.3565805333882,0.46620066717230213
403.0,403.0,train,1.6438588994980059E-4,38.26322415538908,0.4603278759510113
404.0,404.0,train,1.6474484741938955E-4,38.38886541631893,0.46086980120779697
405.0,405.0,train,1.147270033210086E-4,22.42978093876092,0.37316001056585835
406.0,406.0,train,4.940188447354577E-5,8.322792445248101,0.2040370817955711
407.0,407.0,train,1.7974511025306572E-4,42.693040602058474,0.4825821442448816
408.0,408.0,train,1.6768220498701054E-5,2.5994781116602454,0.08004366111568896
409.0,409.0,train,9.400624286310797E-5,17.05014087443443,0.3278603830438915
410.0,410.0,train,6.740470032522296E-5,11.231506628689106,0.25912436323261473
411.0,411.0,train,2.1627368990609426E-4,52.935531721562036,0.5287944217778715
412.0,412.0,train,4.383008030082905E-4,80.57587804453138,0.694589875438759
413.0,413.0,train,2.9209832328984354E-4,65.71826997714602,0.602490017487753
414.0,414.0,train,5.406489396976964E-4,86.75539654382533,0.7372125538293006
415.0,415.0,train,3.2610683768637675E-4,71.79850883564345,0.628546338503557
416.0,416.0,train,1.0976172762087589E-4,21.098115748036626,0.362870360055071
417.0,417.0,train,1.1244520049820284E-4,21.85870867016201,0.36847296139879865
418.0,418.0,train,3.1391110442399234E-4,70.08015636257576,0.6196046294241908
419.0,419.0,train,9.423816447887333E-5,17.11204950138522,0.3284036106435466
420.0,420.0,train,1.897981647783839E-4,46.0724944614969,0.4961805236534745
421.0,421.0,train,1.7958841487039168E-4,42.62843203225879,0.4823643760152719
422.0,422.0,train,1.306483469390209E-4,27.328308967858376,0.40402304539317163
423.0,423.0,train,1.2551697914912275E-4,25.785721417067414,0.3944133042772202
424.0,424.0,train,2.22408066130562E-4,54.370822861880484,0.5357574558575622
425.0,425.0,train,7.875286911306428E-5,13.42926124486156,0.29009458677915617
426.0,426.0,train,6.810416045115243E-5,11.326006565331928,0.26111119052260884
427.0,427.0,train,9.375527403779624E-5,16.983599214493577,0.3272715504814304
428.0,428.0,train,3.933853735144335E-4,77.6763443949596,0.6711851725475465
429.0,429.0,train,7.26874719389197E-5,12.15501684642061,0.2738710232977123
430.0,430.0,train,6.478242605982028E-4,91.48792425687698,0.7707197982895829
431.0,431.0,train,3.4869346626664886E-5,5.968677077991219,0.1532115444368772
432.0,432.0,train,1.807502921695685E-4,42.980886384986064,0.4839747551110971
433.0,433.0,train,1.773472012110832E-4,41.94746894695354,0.4792294551519427
434.0,434.0,train,6.357683475964357E-5,10.576280405131525,0.24805918531839008
435.0,435.0,train,2.749168704238747E-4,63.207120434726846,0.5878851039887178
436.0,436.0,train,1.333330259554356E-5,1.935179855235962,0.06470796242745289
437.0,437.0,train,5.765191495438571E-5,9.58159358772292,0.23026491559339618
438.0,438.0,train,2.0502581325191783E-4,50.60053164023346,0.5154691790702651
439.0,439.0,train,9.925929147114856E-5,18.320616467986113,0.3399529516246037
440.0,440.0,train,4.0452786168401434E-5,6.979244468770115,0.1734883017603188
441.0,441.0,train,1.141531472847362E-4,22.321902948884496,0.3719878139263811
442.0,442.0,train,3.650976137850156E-5,6.280196872449876,0.15927132928583215
443.0,443.0,train,2.4411778736669137E-4,58.17472370495379,0.5588291126429249
444.0,444.0,train,7.561020228506278E-5,12.78673917361726,0.2817802245723839
445.0,445.0,train,2.8379193510275763E-4,64.51206511490679,0.5955607664812572
446.0,446.0,train,5.03257123334998E-4,84.28019323580273,0.7230941342535867
447.0,447.0,train,8.563289723676794E-5,15.069766885947578,0.30764125386336216
448.0,448.0,train,9.679613373995402E-5,17.754201443681865,0.33433737911491257
449.0,449.0,train,1.0004186141791156E-4,18.516155078345733,0.3417172955872646
450.0,450.0,train,3.7473139885356026E-4,76.25545692413563,0.6603759626993269
451.0,451.0,train,1.268072522932283E-4,26.246955373713895,0.3968587036734002
452.0,452.0,train,2.215767460579282E-5,3.698679911540048,0.10311752283402643
453.0,453.0,train,6.136336021719621E-4,90.28458150306388,0.7609979603126767
454.0,454.0,train,3.0256194611221503E-6,0.16350484480341199,0.015456878720626151
455.0,455.0,train,1.3174386363889453E-4,27.645635073255498,0.40603529503993663
456.0,456.0,train,5.268623547038084E-5,8.819006789230636,0.21468970201248422
457.0,457.0,train,2.1574358299506584E-4,52.858561048151365,0.5281828881703047
458.0,458.0,train,1.5186934505818413E-4,34.39093268856377,0.44072533612946196
459.0,459.0,train,1.2194766754063643E-4,24.548030933560344,0.3875440690771588
460.0,460.0,train,2.3131507255557687E-4,56.013492248750545,0.545509029717408
461.0,461.0,train,6.724054056249959E-5,11.20861256831452,0.25865651579392773
462.0,462.0,train,1.4667097866666196E-4,32.45080097011467,0.4321590717111577
463.0,463.0,train,5.514013252169122E-5,9.193732059735817,0.22246452652740173
464.0,464.0,train,8.834851269730356E-5,15.7544901690292,0.314330650442095
465.0,465.0,train,3.524830615373048E-5,6.041979686970006,0.1546191886405295
466.0,466.0,train,2.0359534345258342E-4,49.93726219050762,0.5137203031814498
467.0,467.0,train,1.59322490503796E-4,36.692062045640874,0.452565818755474
468.0,468.0,train,2.936828144798941E-4,65.97401560919376,0.6037849335155391
469.0,469.0,train,1.1704456651275988E-4,23.058687789255274,0.37784983143171913
470.0,470.0,train,1.2183315301520336E-4,24.503463215944738,0.3873211018170695
471.0,471.0,train,2.48613063691449E-4,58.97901013460383,0.5633227350095561
472.0,472.0,train,2.1814144120264238E-4,53.51815848286643,0.5309364928104403
473.0,473.0,train,1.800956375393419E-4,42.80971658959002,0.4830686286063129
474.0,474.0,train,3.311331014857817E-4,72.3507843902611,0.63211035932882
475.0,475.0,train,1.2100252871646513E-4,24.12145010967678,0.38569894975008895
476.0,476.0,train,3.078210394049397E-4,68.92982807762945,0.6149763743744081
477.0,477.0,train,8.127847479120017E-5,14.042185222754096,0.2966381991322217
478.0,478.0,train,8.540006710478184E-5,15.007853711214937,0.3070616413909906
479.0,479.0,train,2.222322915500255E-4,54.34429688780023,0.5355608019291258
480.0,480.0,train,2.2566126093534917E-4,55.015612831959864,0.5393672511222106
481.0,481.0,train,1.339699947392559E-4,28.370149666277502,0.4100826870501195
482.0,482.0,train,2.3254402122349486E-4,56.30560627229915,0.5468224392137088
483.0,483.0,train,4.198754821647407E-4,79.59042527642727,0.6854039153408422
484.0,484.0,train,1.2877865165437046E-4,26.81167181012127,0.400557106773364
485.0,485.0,train,1.0489536129641487E-4,19.703293260745834,0.3524525372648246
486.0,486.0,train,1.4291547827107592E-4,31.31189193753858,0.42580537649860833
487.0,487.0,train,1.2175456764372564E-4,24.454936568749694,0.38716799701161503
488.0,488.0,train,1.573358067296002E-4,36.202836094577584,0.4494589485106776
489.0,489.0,train,4.356475117372905E-5,7.41585254051929,0.18437378312336758
490.0,490.0,train,7.674880986046564E-5,12.980195664155337,0.28481497229293334
491.0,491.0,train,2.1036423945364682E-4,51.6983275169436,0.5218862762040317
492.0,492.0,train,3.332939790232152E-4,72.58465250581767,0.6336216578558821
493.0,493.0,train,1.9275813305116553E-4,46.96405989677252,0.5000491967276798
494.0,494.0,train,8.76382033900612E-5,15.595350444214834,0.3125934550986862
495.0,495.0,train,4.933428879837376E-5,8.310575672501573,0.20381480271232202
496.0,496.0,train,6.542840791974654E-5,10.935604212300639,0.25345248732908066
497.0,497.0,train,3.531768573340029E-4,74.43445405381168,0.6469660344825152
498.0,498.0,train,8.571035627803774E-5,15.09036503335177,0.3078338672192365
499.0,499.0,train,1.749689173024909E-4,41.20742125034422,0.47586101117734086
500.0,500.0,train,1.326892967718962E-4,27.900540549326944,0.40776097886200785
501.0,501.0,train,2.7327798539552883E-5,4.665690634789488,0.12419016833317699
502.0,502.0,train,2.0137153392827797E-4,49.3378283456282,0.5109762887406523
503.0,503.0,train,6.2440156273584E-4,90.79137774673167,0.7641475086923849
504.0,504.0,train,2.384443140276474E-4,57.29380804348827,0.5530239706152422
505.0,505.0,train,1.9560031447988792E-4,47.69235586502575,0.503708418475858
506.0,506.0,train,6.861409280355038E-5,11.39424034614094,0.262552958069605
507.0,507.0,train,3.6498473954153294E-4,75.54820580613158,0.6544405665349612
508.0,508.0,train,2.573452778330913E-4,60.52180587920669,0.5717951896596418
509.0,509.0,train,2.1849501486672203E-4,53.582024546989224,0.531339805954288
510.0,510.0,train,1.3527589136468166E-4,28.838145842832176,0.41243140716588034
511.0,511.0,train,3.854072215448201E-4,77.16720011465449,0.6666475316312526
512.0,512.0,train,2.2580579155426344E-4,55.048076586319176,0.5395263225703747
513.0,513.0,train,5.145153632456376E-5,8.639242334864306,0.21071863660241655
514.0,514.0,train,1.9312147542960176E-4,47.06781380310206,0.5005199942682477
515.0,515.0,train,1.2207341272509588E-4,24.596755566968458,0.38778871629931244
516.0,516.0,train,3.8370967289280244E-4,77.01474269447067,0.6656658302040467
517.0,517.0,train,9.009186159853365E-5,16.191178237772952,0.31855734742721914
518.0,518.0,train,3.212689585882413E-4,71.01882435378975,0.625050062640341
519.0,519.0,train,4.3070808912564244E-4,80.24363490624972,0.6908702949892565
520.0,520.0,train,1.3579812146190725E-4,29.003260884692583,0.41336543726133645
521.0,521.0,train,5.777660268860383E-5,9.60674904503239,0.23064806029171742
522.0,522.0,train,1.469741523948554E-4,32.5212917049317,0.43266586391348044
523.0,523.0,train,1.1738991175579125E-4,23.132645607176123,0.37854267113574586
524.0,524.0,train,1.5513176826743142E-4,35.4332508216261,0.44597064386542223
525.0,525.0,train,4.254943211759932E-4,79.9203923784675,0.6882632217463677
526.0,526.0,train,1.3842771797732185E-4,29.753376437358277,0.4180238152769167
527.0,527.0,train,1.4730912884052593E-4,32.651491967500675,0.43322476737790705
528.0,528.0,train,2.216082310732348E-4,54.23172373507634,0.5348612647443716
529.0,529.0,train,1.1523904005050345E-4,22.536752666752268,0.3742022429514103
530.0,530.0,train,1.2772140925977068E-4,26.55901633503822,0.3985793472919601
531.0,531.0,train,1.8559103222911232E-4,44.64471975643204,0.49057763610461486
532.0,532.0,train,8.589781383703884E-5,15.140214326204296,0.3082995649312731
533.0,533.0,train,1.2467958285647968E-4,25.548121178492156,0.3928155840705151
534.0,534.0,train,1.3966333838185186E-4,30.087120895076513,0.4201872847512099
535.0,535.0,train,2.8570296060300717E-4,64.80467234213383,0.5971762687079946
536.0,536.0,train,1.2731891801964513E-4,26.438874762532084,0.39782298181252873
537.0,537.0,train,5.426501660483062E-4,86.91661364555713,0.7379276998060009
538.0,538.0,train,2.834720510614172E-5,4.829426516693524,0.12822878395296639
539.0,539.0,train,1.2400556562669802E-4,25.3477449462959,0.39152344810753215
540.0,540.0,train,1.9706167216942939E-4,48.09223989401783,0.5055690989289918
541.0,541.0,train,6.271560601068682E-4,90.84612624505046,0.764939890537424
542.0,542.0,train,2.0709051784351096E-4,50.99792520509526,0.5179713956313021
543.0,543.0,train,6.095376291375342E-4,89.96516868722009,0.7597777217949834
544.0,544.0,train,3.373943325177826E-4,72.97136301245267,0.6364555373491326
545.0,545.0,train,4.634807957858203E-4,81.95754475784547,0.7063091881603515
546.0,546.0,train,1.7169945747071548E-4,40.261218250931584,0.471158599235763
547.0,547.0,train,1.2714852313780792E-4,26.37479856407126,0.397502200588884
548.0,548.0,train,1.655493766528667E-4,38.60678439584159,0.46208047057072804
549.0,549.0,train,1.8339824679635663E-4,44.01099179795891,0.48760768359416734
550.0,550.0,train,4.4279551871205747E-4,80.79392173541245,0.6967499033228918
551.0,551.0,train,5.173573515106883E-4,85.24815301534011,0.7285927390991144
552.0,552.0,train,0.0010263772700995525,98.02453454604023,0.8419156724379309
553.0,553.0,train,2.3672310526183664E-4,57.03581812350802,0.5512324907100109
554.0,554.0,train,3.1026091196386654E-4,69.45904486065429,0.6168440559790306
555.0,555.0,train,3.614366344109334E-4,75.21840773961725,0.6522280499463333
556.0,556.0,train,1.628075105377824E-4,37.70613036165213,0.4579319801212441
557.0,557.0,train,7.961426028699424E-5,13.638117889181878,0.29234001046337227
558.0,558.0,train,3.352394904089208E-4,72.75207378885446,0.634971748105163
559.0,559.0,train,4.132287552728588E-4,79.12336200416414,0.6819530731168546
560.0,560.0,train,9.233996583456375E-4,96.91224512042277,0.8273301901345523
561.0,561.0,train,1.543119933433153E-4,35.120066535830986,0.4446618910286578
562.0,562.0,train,4.574690113459692E-4,81.50750430138294,0.7035936619570562
563.0,563.0,train,6.049878222459046E-4,89.80853235364341,0.7584075901926337
564.0,564.0,train,8.935913956459707E-5,15.971465240660288,0.3167872495561745
565.0,565.0,train,1.0360685100404643E-4,19.373993648164124,0.3496368255199202
566.0,566.0,train,1.112224577978802E-4,21.486272929148534,0.36593236683186986
567.0,567.0,train,3.855302049922415E-4,77.178244141268,0.6667184296973725
568.0,568.0,train,3.1261933708472914E-4,69.91653418327061,0.6186322489249915
569.0,569.0,train,2.6437389875567344E-4,61.73644326960462,0.578379587199744
570.0,570.0,train,4.0517882351813125E-4,78.73549163868076,0.6776709854461774
571.0,571.0,train,4.0313563732306037E-4,78.53261090288593,0.6765657211413314
572.0,572.0,train,2.6866844366797254E-4,62.33782773175235,0.5823039746025995
573.0,573.0,train,2.0423553955015793E-4,50.23680891719307,0.5145045577712742
574.0,574.0,train,7.695388312598806E-4,94.82363700808361,0.799721075778453
575.0,575.0,train,3.2173860056862485E-4,71.16642157325388,0.6253923489991114
576.0,576.0,train,1.0008870050150315E-4,18.526982791593415,0.34182259757122624
577.0,577.0,train,3.750848942585454E-4,76.27102711975184,0.6605874006326417
578.0,578.0,train,9.034766861734352E-4,96.76623792014175,0.8241919803419685
579.0,579.0,train,5.414669991624632E-4,86.81684800439528,0.7375053616533648
580.0,580.0,train,1.8289264225313014E-4,43.76534961156911,0.486917963087202
581.0,581.0,train,7.043014715168211E-4,93.04336091597007,0.7851554654062151
582.0,582.0,train,4.1684458146967523E-4,79.34124801217258,0.6838396689906651
583.0,583.0,train,9.672908005566861E-5,17.73897098031045,0.33418317202716974
584.0,584.0,train,2.955375423860765E-4,66.49356242474211,0.6052900220580906
585.0,585.0,train,6.461957251879971E-4,91.43781595448853,0.7702747108688673
586.0,586.0,train,1.5334826158513076E-4,34.784487979867784,0.4431153849913075
587.0,587.0,train,5.411542815835633E-4,86.79047939136628,0.7373935078018766
588.0,588.0,train,4.697760426970628E-4,82.55617625177568,0.7090999302723265
589.0,589.0,train,3.097449978075291E-4,69.36377658247349,0.6164506445055689
590.0,590.0,train,2.045739112063541E-4,50.405144222488296,0.5149180496664872
591.0,591.0,train,8.974601444177918E-4,96.52783389286182,0.8232217222628405
592.0,592.0,train,3.630150197802411E-4,75.383507404806,0.6532157831938087
593.0,593.0,train,1.6910516480436036E-4,39.625685814615125,0.46736679942281933
594.0,594.0,train,9.253629187257865E-5,16.700353596121143,0.32439679042369435
595.0,595.0,train,8.228435016614796E-5,14.294203886925887,0.29921086312324685
596.0,596.0,train,2.2272721461198558E-4,54.41898525441844,0.5361140889623963
597.0,597.0,train,2.3591181656295207E-4,56.90528511738944,0.5503830907799591
598.0,598.0,train,2.4623305428620433E-4,58.48702597637463,0.5609550660677776
599.0,599.0,train,3.1080372115723176E-4,69.56467154776658,0.6172571060016949
600.0,600.0,train,7.323924290711062E-4,93.82938335161327,0.791679199363572
601.0,601.0,train,2.939207213502398E-4,66.01761910963288,0.6039786333904219
602.0,602.0,train,9.720277060520967E-4,97.35409781845605,0.8345391283738852
603.0,603.0,train,2.8516179546290787E-4,64.75401689742827,0.5967201013675333
604.0,604.0,train,1.55284419070453E-4,35.4865699520771,0.4462136665736909
605.0,605.0,train,3.230584059928571E-4,71.50217538262059,0.6263509176556754
606.0,606.0,train,3.427706627029093E-4,73.5314957842475,0.6401055250293606
607.0,607.0,train,5.2734122496257373E-5,8.827768419634648,0.21484291248964382
608.0,608.0,train,1.4767991952724675E-4,32.80267184201333,0.43384214370324603
609.0,609.0,train,1.890824775758831E-4,45.802928511351084,0.4952361165853363
610.0,610.0,train,2.2710142294930525E-4,55.349624820651975,0.5409474121809433
611.0,611.0,train,2.906509898963462E-4,65.49282799314928,0.6012997738849036
612.0,612.0,train,9.021018637297817E-5,16.22926947643533,0.318842334656453
613.0,613.0,train,7.252632494912318E-4,93.69370232584055,0.7900613527765837
614.0,614.0,train,1.9397413812179915E-4,47.34463254229012,0.5016213498337115
615.0,615.0,train,1.3566310553738922E-4,28.960571408586144,0.4131242404482827
616.0,616.0,train,3.30774453933561E-4,72.30756549574029,0.6318583171790347
617.0,617.0,train,3.838360872289914E-4,77.02611080905119,0.6657391355044067
618.0,618.0,train,1.9833896857847168E-4,48.58011926105137,0.5071840330819923
619.0,619.0,train,0.001026783365709871,98.04260813134405,0.8419683146384549
620.0,620.0,train,3.122691195680733E-4,69.85177683155673,0.6183677647857294
621.0,621.0,train,2.480824059500998E-4,58.83400228729566,0.5627970435421239
622.0,622.0,train,4.2930913711187416E-4,80.10980549176541,0.6901750582947689
623.0,623.0,train,3.134899537024206E-4,70.0404985166851,0.6192881525969226
624.0,624.0,train,5.064220001844152E-4,84.46676797609135,0.7243476316938638
625.0,625.0,train,3.5000286874231206E-4,74.25983304677658,0.6449013981435326
626.0,626.0,train,6.036244570818912E-4,89.76116767254314,0.757993976978018
627.0,627.0,train,5.872813958492519E-4,89.20005102327295,0.7529233216728023
628.0,628.0,train,2.831599365797181E-4,64.42483702507151,0.5950236459414924
629.0,629.0,train,5.138907781671268E-4,84.93575576810673,0.7272612381757501
630.0,630.0,train,1.4314486150200772E-4,31.382590869911446,0.42619752986986564
631.0,631.0,train,2.4017275088548438E-4,57.62084099623361,0.5548086377809629
632.0,632.0,train,4.4812724666176137E-4,81.075894751335,0.699272885997253
633.0,633.0,train,3.878265094178833E-4,77.37887505348812,0.6680366973346116
634.0,634.0,train,5.314244182140854E-4,86.03989056134726,0.7338650340566331
635.0,635.0,train,1.535302459477583E-4,34.842036289652235,0.4434080757057506
636.0,636.0,train,1.3398483137293143E-4,28.374906291823063,0.41010947692511346
637.0,637.0,train,7.921775045567426E-4,95.06039585879708,0.8043246494206491
638.0,638.0,train,1.0502004406214607E-4,19.733471777757412,0.352723706544035
639.0,639.0,train,6.127130754742744E-4,90.14846321916706,0.7607248057711368
640.0,640.0,train,2.618892255210748E-4,61.244877097193545,0.5760752158302724
641.0,641.0,train,1.5173751486311128E-4,34.3420303960835,0.4405112916070385
642.0,642.0,train,0.0010221835302728613,97.83735146894102,0.8413699793747733
643.0,643.0,train,1.8511451100096838E-4,44.51363868774838,0.48993515789780956
644.0,644.0,train,3.327416970550914E-4,72.53712798338378,0.6332365792207303
645.0,645.0,train,2.728087398104347E-4,62.94969133114364,0.5860188569182752
646.0,646.0,train,2.016657345597479E-4,49.41086208777816,0.5113410864436262
647.0,647.0,train,4.61476691480814E-5,7.754087061967056,0.19319328481566425
648.0,648.0,train,0.0011631988043328341,99.3599684470816,0.8578674660880609
649.0,649.0,train,3.040928788640429E-4,68.1439726568314,0.6120870988371485
650.0,650.0,train,5.805517264830375E-4,88.8012663821303,0.7507730504853835
651.0,651.0,train,1.5688915539372077E-4,36.01270666261333,0.44875559235289336
652.0,652.0,train,1.2711326526186612E-4,26.361540004707297,0.39743578229725773
653.0,653.0,train,5.952005186705346E-4,89.47433959608306,0.7554066052118625
654.0,654.0,train,2.494646930156896E-4,59.14806114921681,0.564163756867561
655.0,655.0,train,7.169525766897719E-4,93.44876697833449,0.7881433758495812
656.0,656.0,train,2.9006126317803854E-4,65.38851588703548,0.6008127539976997
657.0,657.0,train,2.5883886052549136E-4,60.76279194011548,0.573211525512589
658.0,658.0,train,5.7455053614705E-5,9.541877275149949,0.22965921588890065
659.0,659.0,train,2.9496117217706736E-4,66.2543893377635,0.6048235308542806
660.0,660.0,train,1.2574426382445548E-4,25.867504947365664,0.39484550500669224
661.0,661.0,train,1.5820576740075567E-4,36.41257657304375,0.45082376360273396
662.0,662.0,train,3.036639670693843E-4,68.02238363302274,0.6117519140586308
663.0,663.0,train,6.13720323489521E-4,90.2973814105522,0.7610236616149568
664.0,664.0,train,2.3740530911272573E-4,57.13266519956673,0.5519442618402935
665.0,665.0,train,1.627887376394723E-4,37.70066890459963,0.4579033558403668
666.0,666.0,train,3.0518380832481745E-4,68.38820871580045,0.6129370329633819
667.0,667.0,train,2.5723953382579046E-4,60.50471628876288,0.5716945582281302
668.0,668.0,train,0.0011139966348241446,99.10975054438651,0.8525157105923392
669.0,669.0,train,4.6670887492058594E-4,82.21216082575353,0.7077468820858255
670.0,670.0,train,2.550739770197189E-4,60.09151610842007,0.5696232500183022
671.0,671.0,train,5.795667869752983E-4,88.75312124054919,0.7504551978325766
672.0,672.0,train,4.7960920535477673E-4,83.00203326682372,0.7133544930815999
673.0,673.0,train,1.736252758301221E-4,40.67058509082055,0.473938632110395
674.0,674.0,train,1.2679697568364535E-4,26.24330299556899,0.39683930488044006
675.0,675.0,train,3.496015676976916E-4,74.2119542206399,0.644638636353075
676.0,676.0,train,1.8551487765148752E-4,44.623771711486086,0.49047506802781504
677.0,677.0,train,2.5405724745568547E-4,59.94018592431203,0.5686438434626262
678.0,678.0,train,2.1465537395625394E-4,52.65456640704466,0.5269225385742443
679.0,679.0,train,2.5126105618106676E-4,59.46504095796831,0.5659271650170146
680.0,680.0,train,7.961431848102801E-4,95.1189371097065,0.8051093744719359
681.0,681.0,train,2.084613887289017E-4,51.22493580523751,0.5196185274808144
682.0,682.0,train,5.219430275252366E-4,85.48750408275058,0.7303342387463689
683.0,683.0,train,1.6016815210785778E-4,36.92997161615785,0.4538776899440625
684.0,684.0,train,9.904047106973319E-5,18.26559290085886,0.33945791657646457
685.0,685.0,train,8.540644544514492E-4,95.91676726800839,0.8158931707142255
686.0,686.0,train,3.311690573122175E-4,72.35511725426788,0.6321356085122477
687.0,687.0,train,1.3036969530685525E-4,27.24165254247138,0.40350903999953125
688.0,688.0,train,8.172566835603666E-5,14.153491668907701,0.2977842862197054
689.0,689.0,train,1.5007860298306349E-4,33.70377846470205,0.4378037487427406
690.0,690.0,train,7.192168790221898E-5,11.993098555210741,0.27176985188495795
691.0,691.0,train,2.244876327685713E-4,54.72920214481881,0.5380714663350519
692.0,692.0,train,2.8617443594075424E-4,64.84878914841049,0.5975728516695129
693.0,693.0,train,3.2435322807095333E-4,71.62169218020485,0.6272865856881037
694.0,694.0,train,2.7495312198515655E-4,63.21219482852687,0.5879170489544915
695.0,695.0,train,3.5658479212208956E-4,74.73089505686394,0.649156287146972
696.0,696.0,train,6.799114913766327E-4,92.39243134241018,0.7791505793165883
697.0,697.0,train,5.779565967871698E-4,88.67441302144456,0.7499338189727559
698.0,698.0,train,2.200604742000699E-4,53.862178522104976,0.5331171868075731
699.0,699.0,train,2.434054841367893E-4,58.05365584728338,0.5581085693312445
700.0,700.0,train,2.6304688076937737E-4,61.48992592412014,0.5771519911550713
701.0,701.0,train,6.179412493641899E-4,90.57503231783234,0.7622679558950264
702.0,702.0,train,1.6502062015724293E-4,38.48538927172838,0.46128540211418084
703.0,703.0,train,6.502382902806712E-4,91.56369526035608,0.7713764014508947
704.0,704.0,train,2.783193444651598E-4,63.774655224013955,0.5908619458245452
705.0,705.0,train,3.6179728302810385E-4,75.25964553415173,0.6524542348290415
706.0,706.0,train,5.437270638090602E-4,87.00741651704519,0.7383109248994695
707.0,707.0,train,5.394542100514688E-4,86.67246357337282,0.7367837489621071
708.0,708.0,train,1.9882976075349254E-4,48.67044536544359,0.507801758127961
